"","title","length","budget","rating"
"1","20 Dates",87,60000,5.4
"2","54",100,1.3e+07,5.4
"3","American History X",119,1e+07,8.4
"4","Antz",83,6e+07,7
"5","Apt Pupil",112,1.4e+07,6.4
"6","Argentino en New York, Un",95,3e+06,4.2
"7","Armageddon",153,1.4e+08,5.7
"8","Aurora",87,90000,4.5
"9","Avengers, The",89,6e+07,3.4
"10","Babe: Pig in the City",97,8e+07,6.5
"11","Barney's Great Adventure",76,1.5e+07,2.9
"12","Barriers",96,140000,8
"13","Basil",113,1e+07,6.1
"14","Bela Donna",111,5500000,4.7
"15","Belly",96,1e+07,4.5
"16","Beloved",172,5.3e+07,5.6
"17","Beyond Expectations",94,60000,7.6
"18","Big Hit, The",91,1.3e+07,5.7
"19","Big Lebowski, The",117,1.5e+07,8
"20","Blade",110,4.5e+07,6.8
"21","Blood, Guts, Bullets and Octane",87,7300,5.3
"22","Blue Moon",90,1000,6.8
"23","Blues Brothers 2000",123,2.8e+07,4.5
"24","Book of Life, The",63,350000,6.7
"25","Break Up",100,9e+06,5.1
"26","Bride of Chucky",89,2.5e+07,5.2
"27","Broken Vessels",90,6e+05,6.1
"28","Brylcreem Boys, The",106,6e+06,6
"29","Buffalo '66",110,1500000,7.2
"30","Bug Buster",93,8500000,2.9
"31","Bug's Life, A",96,4.5e+07,7.4
"32","Bulworth",108,3e+07,6.9
"33","Can't Hardly Wait",101,1e+07,6.2
"34","Carnival of Souls",90,2e+06,2.8
"35","Celebrity",113,1.2e+07,6.1
"36","Central do Brasil",108,2900000,7.9
"37","Chairman of the Board",95,1e+07,2.6
"38","City of Angels",114,5.5e+07,6.2
"39","Civil Action, A",112,6e+07,6.4
"40","Claudine's Return",91,2e+06,3.8
"41","Clay Pigeons",104,8e+06,6.4
"42","Confession, The",20,15000,6.9
"43","Curse of the Puppet Master",77,250000,2.7
"44","Dark City",100,2.7e+07,7.6
"45","Dead Man on Campus",96,1.4e+07,5.4
"46","Dead Man's Curve",90,1e+06,5.7
"47","Decay",80,15000,6.5
"48","Deep Impact",120,7.5e+07,5.9
"49","Deep Rising",97,4.5e+07,5.4
"50","Delivered",93,1e+06,5.1
"51","Denial",93,5e+06,5.3
"52","Dentist II, The",100,1800000,4.1
"53","Dirty Work",82,1.3e+07,5.9
"54","Disturbing Behavior",84,1.5e+07,5.1
"55","Doctor Dolittle",85,71500000,5.4
"56","East of Hope Street",88,1e+05,5.6
"57","Eighteenth Angel, The",95,2.5e+07,4.6
"58","Elizabeth",124,2.5e+07,7.6
"59","Enemy of the State",131,9e+07,7.1
"60","Ever After",121,2.6e+07,7
"61","Faculty, The",104,1.5e+07,6.1
"62","Fantasma dell'opera, Il",106,1e+07,3.8
"63","Fear and Loathing in Las Vegas",118,18500000,7.2
"64","Feng yun xiong ba tian xia",85,1e+07,6.3
"65","Festen",105,1300000,8.2
"66","Finding Graceland",106,1e+07,6.6
"67","Fintar o Destino",77,850000,6.2
"68","Firestorm",89,1.9e+07,4.4
"69","Following",69,6000,7.6
"70","Free Money",91,3e+07,4.7
"71","Frei parken",7,2000,5.8
"72","Gabbianella e il gatto, La",75,6e+06,6.8
"73","Get a Job",93,750000,2.3
"74","Giardini dell'Eden, I",95,4e+06,6.8
"75","Gingerbread Man, The",114,2.5e+07,5.7
"76","Gods and Monsters",105,3500000,7.6
"77","Godzilla",133,1.25e+08,4.4
"78","Hairshirt",89,65000,4.2
"79","Halloween H20: 20 Years Later",85,1.7e+07,5.3
"80","Happiness",134,3e+06,7.7
"81","Hard Rain",97,7e+07,5.5
"82","He Got Game",137,2.5e+07,6.6
"83","Hell's Kitchen",95,6e+06,4.5
"84","Hideous Kinky",98,1.2e+07,6.1
"85","Holy Man",114,6e+07,4.9
"86","Home Fries",91,1.5e+07,4.9
"87","Hope Floats",114,3e+07,5.3
"88","Horse Whisperer, The",170,6e+07,6.4
"89","How Stella Got Her Groove Back",124,2e+07,5
"90","I Got the Hook Up",93,3500000,3.2
"91","I Still Know What You Did Last Summer",100,2.4e+07,4
"92","Jack Frost",101,5e+07,4.5
"93","Jane Austen's Mafia!",83,1e+07,4.8
"94","Jerry and Tom",106,5e+06,6.7
"95","Knock Off",91,3.5e+07,3.8
"96","Lady of the Lake",82,60000,3.9
"97","Last Broadcast, The",86,900,5.7
"98","Laughing Dead",85,2e+05,7.6
"99","Leggenda del pianista sull'oceano, La",120,9e+06,7.6
"100","Legionnaire",98,3.5e+07,4.5
